Search_Query,Tweet_ID,Username,User_ID,DateTime,Text,Reply_to,Hashtag,Reply,Retweet,Like
0,45eac719c3730efc97268d5038db3d8c22850ec23d060b06e5e96157139de78c,هابیل,@habil1365,2021-12-27 08:26:42,اوکالا نداری مگه ؟,['@nahal_lp'],,1,,1
0,e51906b40c0d6217abb7d50a983291e713cd79896f1aaf7c906262a5a6a0e8bc,shahriar,@shahhrriiaarr,2021-12-20 21:49:32,اگه اوکالا داره شهرشون بزن آدرسشو ببرن در خونشون اگه نه یه اسنپ بگیر به کارتش پول بزن بره بگیره ببره عکس گرامم بده,['@espand_yar'],,1,,1
0,2d5d87ed75809b2861713359d4e0219411e30de38a2e49f41978d2930bec69a3,piertotum locomotor,@piertotmlcmtr,2021-12-17 20:45:48,"یه جوری رفتم خریدارو از پیک اوکالا بگیریم که احتمالا اسلام از بیخ نابود شد
اقا اگ اینو میبینی بخدا همه جا به هم ریخته بود فقط همونو پیدا کردم",,,3,,27
0,d25c4fb139ce9a4ea38471e138f48f5d119ab534028adea70e3a419a98af9b19,Cʜɪᴍᴍʏᴬⁿᵍᵉˡ ⁷REST,@hopeworld779,2021-12-12 19:35:17,جدیه؟یا ب شوخی نوشتن؟اوکالا میبینن اینارو بخدا,['@Bloo_sr'],,1,,
0,8e74bfb4076398b9c586d78f013b0887bd3992b4251cf0cd4f08fdbef282b0e4,SARA | JHS1 #MOTS,@saraa_jhope,2021-12-12 01:27:53,نودمو ساعت ۸ تا دوازده گقتم بعد پاک کزدم چون اوکالا چرت گفتن,['@_khers2'],,1,,2
0,cf2c782f9a8d5c85d410ebb4811e218df05894e1282aac848395c5f7f8caf2e8,Ali,@Alikhonginezhad,2021-12-10 03:59:40,اوکالا,['@Raanamm'],,,,
0,8cef35e921821f3a899aa2dbefde9584ecc5acfe65c244fd6ac92df7f30916d7,اِلِنِ خيالباف,@Chissttaa,2021-12-07 11:38:09,۵ تا قلم چیز کوچیک سفارش دادم از اوکالا شد ۴۰۰. کوچیک مثل ادویه سالاد، یه دونه پودر لباسشویی، دستمال کاغذی و اینا.,,,,,22
0,22f282517cafeb01a7b2f89e9910dc5daacbb6389a0378ad25300f34025c53a4,Negative Infinity,@GypsyDall,2021-11-26 13:39:43,"نمیشه کاریش کرد. شل کن. با ایران‌خودرو و سایپا و اسنپ و تپسی و اوکالا و آپارات و ایرانسل و همراه اولم باید همین کارو کرد. ولی نمیشه چون مجبوریم. 
استفاده از اینا یا حتی دنبال جایزه بودن، معنی خاصی نداره. به هر حال دیجیکالا حداقل بهتر از اسنپه. اجبار این چیزا رو نمیفهمه",['@iv4_iv'],,,,
0,65dd599bac181f23124be5a0daf900a9e0f9ff745bc0105322b6a66004e4437f,فرید,@Farid_qadami,2021-11-18 02:20:19,اوکالا رو بهش معرفی کن خب,['@Dordone11'],,1,,1
0,ca443f5e828bbbbc583727ca7e63540b9b08e059adab3eaefb0939a607736b9e,فهیم ِ خالی,@fahim_te,2021-11-17 18:44:05,چقد #اوکالا خوبه، نه تنها هردفعه کلی کد تخفیف میده بلکه هردفه یسری گیف میذاره تو سفارشاش که خیلی دوزش دارم,,['#اوکالا'],1,,10
0,cf45dcba4e096b814a26b048d92cd04da58b214c1cb52bea4377a5bfe4f09255,Delbarjaan,@nasibano,2021-11-17 04:51:40,منم امروز با اوکالا به مشکل خوردم،البته مشکلمون سر قضیه بد رفتاری پیک بود،با پشتیبانیشون تماس گرفتم ،پیگیری کردن،و حتی پیکشونو جریمه مالی کردن،بابت پیگیریشون ازشون راضیم ولی بخاطر تجربه خیلی بدی که برام ساختن دیگه بهشون سفارش نمیدم,['@kalamghomri'],,,,1
0,2c3ac72f0549fe8d14549fe147304bb02e06b6370f91a0aa8490eb99cd3df293,elhamthr,@elhamthr1,2021-11-17 02:34:14,آخرین باری که از #اوکالا خرید کردیم شیری برامون آوردند که با وجود نگذشتن تاریخ انقضا ترش شده بود. شما ببین شرایط نگهداریشون چقدر افتضاحه که شیر اونجوری فاسد شده بود.,['@kalamghomri'],['#اوکالا'],1,,3
0,25b2a924e854818cc43deec2e0023dc2c7ce637cddce5f2660bf4fc3c01e2310,khatere,@kalamghomri,2021-11-16 14:23:16,"امثال #اوکالا همه کسب و کارهای کوچیک رو با تخفیف‌ها و انحصارشون از بین بردن
نمیشه هم فروشنده‌های دیگه رو نابود کنی هم به خریدار فشار بیاری که! 
تو حجم بالای مشتری‌ها این ۱۰۰۰ تومن‌ها کم کم افزایش خیلییییه",,['#اوکالا'],2,,59
0,c17af031651d1f83c801bd7e7ea73bae81e3d125144ca61721aa21f3dd3d10e3,khatere,@kalamghomri,2021-11-16 14:21:00,"یه اپلیکیشنی مثل #اوکالا از یک سال قبل تا الان هزینه حمل رو دائم تغییر داده.
در حالی که دستمزدها و پول بنزین تغییری نداشتن و دقت کنید تو هر محله حداقل یک #افق_کوروش هست!!!
اینقدر سریع تغییر میدن (از رایگان شروع کردن. من ۱۰۰۰ _۲۰۰۰_ ۳۰۰۰_۴۰۰۰ و ۵۰۰۰ تومن رو دیدم ازشون) که به ۱/",,"['#اوکالا', '#افق_کوروش']",2,2,115
0,849e24fcfbf0068d86adb6f44dbf038637ebf49d91db6af00f4a09635a3b941e,goodarzi.mg,@GoodarziM59,2021-11-14 23:55:00,الان من در خوزستان که نمیتونم از اوکالا که یک شونه تخم مرغ بخرم، باید برم سر کوچه از سوپر مارکت ۶۰ تومن بخرم,"['@1MarZaM', '@Shahr2ad']",,,,2
0,1d3cb1869a47240584aea61b32525d80971bc9a6600c5a6dbbce64cab41ecaf2,Sh...y,@Sh000y_2,2021-11-08 13:11:57,"من اصفهانم. الان اومدم از اوکالا سفارش بدم اما فقط هوم پلاس داره
اسنپ مارکت فینیش داره اما پرداخت در محل نداره منم کارتم رمز پویا ندارم بیشتر از صد تومن نمیتونم تراکنش انجام بدم با اون کارت","['@Paymaaaan', '@noxnox000']",,1,,2
0,d1c4a1419dc02cca79f18841e428992dd76f99dca5b8810f382c95d8d4ab21f0,²⁸Melina,@Melina5SOS,2021-11-06 14:08:48,اتفاقا امروز یکی از اوکالا می گفت از هری انتظار نمی رفت معتاد باشه خارجی بود قیافه من :,,,,,
0,b29e15ac959082283ca74fae38739bb307da3d43c8001c836ea3040537158894,misan,@nasim_nacm,2021-11-01 13:56:40, و البته اوکالا,['@ArmanTaherian'],,,,
0,2cf435a56aae6485e12c2c5bb475bc439482417fd00d06898c12681579d85ac1,Amir Mashmooli,@AmirMashmooli,2021-10-22 18:50:57,شاخه نبات کیلویی ۹۰ تومن از بقالی سر کو چه .اوکالا زده ۳۵ تومن .ملت دنبال جنس ارزونن,['@mohammademali'],,,,
0,051c357782314a3b18e933ff305fce9f43a2d5bc9ae044fc508dc28e1cc00e71,༄ 𝗞𝗜𝗠 𝗘𝗟𝗟𝗔⁷,@ItsKimElla,2021-10-21 21:01:13,"اوه میدونستم انقدر مشتاقی زود تر بلاکت میکردم عزیزم
فقط اونی که گفته بود دو نفرشون بلاکم نکردن 
همرو میزارم بلاک کنید همینمون مونده اوکالا بیاین زیر توییتاشون مارو منشن کنن ",,,12,38,70
0,8e3520ce78e8bc54ebe7df01dc5f7c0ee9098ba0ead3845738ab6689867df228,Mehran Mohamadi,@mehranmohamaddi,2021-10-21 14:41:26,البته نه یکبار بیش از ده بار تمام کنالهای ارتباطی اوکالا تماس گرفتیم,['@okala_voc'],,,,
0,1c722ca2bc8f058f2a92f9b3039e7e15f93faef99a0894058689b08a3860205a,Mehran Mohamadi,@mehranmohamaddi,2021-10-19 23:55:06,علی جان سند و مدرک موثق دارم ، ضمنا سری به اینستاگرام اوکالا بزن صد ها کامنت رو ببین ،,['@realAliAhmadi'],,,,1
0,9c285a254a7a0387e6f17569e1e8ede911bc6d6b8f959fee23d31d2445c9801e,Mehran Mohamadi,@mehranmohamaddi,2021-10-19 20:01:18,"فروشگاه  اینترنتی کوروش بنام  اوکالا متاسفانه کالا را حتی هفته هامیگذره و تحویل مشتری نمیده .
هنگام خرید اینترنتی از اوکالا مواظب باشید .
#اوکالا",,['#اوکالا'],3,,7
0,980c9399a6dafb33f6717af4cbc7bd054bc140be8a87877f81f3d6c8c48184ba,Kasra Jalilian,@KasraJalilian,2021-10-18 13:25:58,"#اوکالا در مدت زمان ۲۰ دقیقه ۳۰ تا اس ام اس به من داده که ۳۰ تا کد تخفیف مختلف داره.
فکر کنم یه چیزی رو اشتباهی رو پروداکشن مرج کردن
عه همین الان ۳۱ امی هم اومد.
چکار کردن 
@okalaclub
 
۳۲ تا",,['#اوکالا'],1,,
0,1ad939b5312bc6188eb286238d292754b630ccbe0d1a51459209f7c0e932955c,سیدِ گریان,@M_Motahary,2021-10-15 03:53:45,اوکالا بیست چهار ساعته اس,['@m_ry_m_m'],,1,,
0,0a038bd8250ef2660169f6a513e97b18433242bb667eae5c6b654a02656e31e3,سیدِ گریان,@M_Motahary,2021-10-15 03:49:15,اسنپ فود ، اوکالا,['@m_ry_m_m'],,1,,
0,b85fcbca742682e7f5bdf25171a05443c274d1ccad38c5e285843756ce859286,مارشِملو,@metilow,2021-10-11 16:56:09,چه فرز شده اوکالا، ۱۸ دیقه ,,,,,3
0,cc6905dd5c6046f9490bb696cfcaf133a7200a4c7527390d13c86dae5afc897c,آرامش(آنفالو نکردم لاک شدم),@keepp_calm,2021-10-06 20:43:49,"چرا آنلاین نمیخری 
هم میوه رو میشه آنلاین خرید 
هم اسنپ سوپر مارکت هست 
هم اوکالا افق کوروش میاره تا دم در 
اینا هم نبود مثلا من پرینت میخوام فایل میدم پرینت میشه اسنپ میگیرم میره میاره ",['@keshtiban99'],,1,,1
0,c5cc41ccf01521efad524009e93503889a056b3706f0b27e61be720b8646d27c,Sepideh,@eurus1201,2021-10-01 14:16:20,اوکالا.دیجیکالا.اسنپ هیچکدوم نداشتن تو ارسال فوری,,,1,,4
0,cdf89a19181a47d85522dfdda3748807a596b7c8b03e929641ec8d83816147dd,hamed,@hamedaminian,2021-09-28 16:20:34,اوکالا هم امتحان کن مجانی میاره,"['@tierd_brain', '@Digikalacom']",,,,
0,46121c4c40dcce05019f8c8fb79956fa2f5151172e794f6af74371cf4a7012cb,pedarkhande,@pdarkhande,2021-09-28 00:15:45,برنامه اوکالا رو نصب کن بهت کد تخفیف میده,['@_yu_mmmy'],,1,,1
0,5a57d52cad99b49a2a9b8b21f8701f3ad550180dba09e3c9460b4c705d5d184d,رضا معراج,@Meraj_1998,2021-09-25 21:03:03,پیشنهاد خرید از اوکالا و افق کوروش,['@Mofidifatemeh'],,,,1
0,2add20a01ade8e6fbc702015d0d1e62bb945f0bd8d48e32b08c48c4b9e85d8db,اِلِنِ خيالباف,@Chissttaa,2021-09-24 16:20:44,"از اوکالا هم سفارش دادیم و پیکش گفت دیگه نمیاریم بالا.
قشنگ با این روند خرید اینترنتی برای ما حذف میشه.",,,1,,7
0,2da71bd65fec1be8170090b9de67585180b49e15290bcdbf48803a9911287798,전 네긴 𐤀 VAMPIRE JK,@jeon_negin,2021-09-24 00:08:04,حقیقتش با لوکالا اینترکت داری نمیخوام توییتام بره تی ال اوکالا,['@elin_xx7'],,,,
0,c845ac203ce6492551cd6b22e25591db25a81d21f9a8f3d67d232c1881f89d09,NargesAzad,@nargesazad,2021-09-22 20:53:31,اسنپ اوکالا پینکت,['@FareedJacoB'],,1,,1
0,e5a32f5620ea3a74ba07f5729720f6bcb423c86d7fbb8d4155276d0193012eb9,آقا سعید,@saeedpfar,2021-09-22 10:00:34,پیک #اوکالا,"['@NarjesM11', '@saeed_tow']",['#اوکالا'],1,,1
0,7d386f30990dd0dd87302ef407285bd8a8325661601e53e7f38fe05efb6876e8,shabaftabisard arash,@shabaftabisard,2021-09-14 17:07:46,"من رفتم سایت اوکالا ره به ره اس میومد تخفیف
کاشف به عمل اومد که گوگل اطلاعات من رو نمیفروشه فقط به شرکای خودش به اشتراک میزاره 
قبلا در این مورد پست زیاد گذاشتم",['@MehranFthi'],,,,
0,981c0326c19228d24cd6c46f68228f35c5b943fd6bcad7c532192c1c43b7681c,masih,@masih39342711,2021-09-13 12:18:04,"گوشی دزد زده بود پس گرفتم .. وقتی گوگل میخواست شماره‌ها و ایمیل رو بازیابی کنه تو تنظیمات امنیتی گفت 16 بار گوشی شما مکان یابی و ردیابی شده ..
بگم از چه برنامه‌هایی ردیابی شدم باورت نمیشه ..
اوکالا .. شیپور و ....","['@cheshmocheragh', '@mariaremez']",,1,,1
0,59089dd859fef5f55c666466ad246a2994f2ccdeb4f0fc76c0a4c2d257cbf248,Msharamp,@msharamp,2021-09-09 12:42:13,بزرگوار دیجی‌کالا و اوکالا و اسنپ‌مارکت بهتر نبود تا پسر بدبخت همسایه,['@yaghish1993'],,1,,1
0,cbdd049a9bd2beed9fc8947f6e1212d8e6ce8ffc79243c18b4101de2200215dc,StillKara,@StillKara70,2021-09-06 15:08:25,1.8 کیلویی رو اوکالا میداد 90 تومن. تموم شد ولی,['@beebowithO'],,1,,
0,cfab6b7c4043ce8f7861b303234460023e30c706498e48b5da86d019f224e581,دختر یاغی قصه,@delbareyaghi,2021-08-26 01:17:12,پریشب از اوکالا سفارش دادیم، قرار بود دیشب بیاد امروز کنسل کرد...⁦༎ຶ‿༎ຶ⁩,['@MariyaStarkk'],,,,
0,bf4f534fc6051bffde47845fdde40a05b36f5f5ba539696cfc3c8d93c9f9593d,سرگشته(محدود شدم نمی تونم فالو کنم),@CoronaMamad,2021-08-25 12:58:13,اوکالا هم من زیاد خرید می کنم,['@ghazaaleH'],,1,,1
0,6871b3116537fdf079fa3e627902cdf5db20feaeb9dc23c04e4138f4e3cfcfa4,Fereshte,@fereshte1414,2021-08-25 12:46:47,من از اوکالا خرید میکنم .,['@ghazaaleH'],,1,,1
0,456ea9f31b4c7b7f100003a49018811f0fe8ba1fef8a210319e7ff079e8a5b0e,رشتی_پیچا,@rashti_picha,2021-08-20 23:22:10,خدمات ۲۴ بهتره،اوکالا خیلی ها رو نداره ولی خدمات ۲۴ مال فروشگاه نجم سبزه میدونه همه چی داره،حتی سبزی جات و صیفی جات,"['@hossein723', '@ferferi_s1']",,,,1
0,ec40794f578827ae7a345555cc7bc2c2a2f4dbd616a91ea40169a3a5f0efb4fb,Sali,@salismdi,2021-08-20 19:59:05,به نظر من تو بازار اوکالا قیمت مهمتر از پروداکته,"['@vrsoleimani', '@okalaclub']",,1,,2
0,d6ef3c51e27960e75472941d33479a1cb0127a3bb566f770ebe92f926e31d652,خط بگایی,@khat_bighayi,2021-08-17 04:08:32,چرا باید برنامه های جاسوسی مثل روبیکا ، سروش ، ایتا ، آی گپ ، فیلیمو ، دیجی کالا ، اوکالا ، بله ، تلوبیون و بقیه برنامه های ساخت جمهوری اسلامی که همه وصلن به سپاه و جاسوسی اطلاعاتمون رو میکنه اصلا نصب داشته باشیم که بخوایم‌ پاک کنیم ؟,['@Sirushasani'],,,,3
0,1291d5a3dd867109aed0c1c5e021b50b1b19473d9bc8889e6bfb3401b1ceea8c,لـیــزا,@Lisa_devJS,2021-08-13 22:16:12,"اینارو نصب دارم:
اپ بانک ها، اسنپ، اسنپ فود، تپسی، ترب، دیجیکالا، اوکالا، نشان، آهنگیفای، مای ایرانسل
:))))))",['@x3n0b1a'],,,,1
0,84f14975be2bb38f276354d3aee4cd4ee79e3eb97adfea60eeebbc3418bc2110,میسیز غزلی,@MrsGhazalE,2021-08-13 14:54:38,"تپسی نمیاره
اوکالا",['@rasooll_'],,,,
0,fa910e668ab4b27d9171636b732faccb8ba1284b35c33c4cd8814b34b38b7113,اسکپچوآل,@esckapch,2021-07-19 20:39:15,اوکالا چرا نمیگیری,['@mn_hamun_hicham'],,1,,1
0,4e44f83371d059b224e204b8e06d52f03422c96a20b85aee3cdeea4c9602fbe5,AliChavoshYazdi,@Alichavoshyazdi,2021-07-04 22:11:58,"#اوکالا جان چرا امشب که تخفیف داشتی و منم میخواستم نسکافه بخرم کل جنسات زده تموم شده؟؟؟
@okalaclub",,['#اوکالا'],,,1
0,89a8d89a2d3e1f821bf307c1df0754c1e7213fb77c7f659e99e78433b4a0f2bd,سوپرمارکت اینترنتی اُکالا,@okalaclub,2021-07-03 11:04:44,خوشحالیم که خوشحالین. اُکالا نه اوکالا:)))),['@aliiimmaa'],,,,1
0,6dff21ad2b9bcaf9156d60e2324693fdd656aa768bfed5b74af1eaca34d9e776,rrrssa,@bi_neshune,2021-07-03 03:52:51,"آقا اپ ای او اس خیلی باگ داره
کلا اپ رو هم انگار تو دوران جنگ سرد نوشتن وسط شورویا یکم هیجان انگیز ترش کنین
رنگارو یکم دس کاری کنید
اسنپ ادم میره دوس داره همش خرید کنه اوکالا فقط میخوای خارج شی..
کمکی از منم برمیومد در خدمتم ولی رو سایه ها و رنگا کار کنید بنظرم.",['@OFOQKOUROSH'],,1,,2
0,d3d1b03db65a1969fc302ad5db0fea87501e2dda3909811607dbf7cf55092777,مادر آقای نخود هستم,@motherlywithms,2021-07-01 21:10:40,تبلیغات قبلی که پخش میشد تبلیغ باسلام، اوکالا و ترب و .. بود. که آن هم تناسبی با نیاز کودک من ندارد. اما تبلیغ جدید، به هیچ عنوان در بخش محتوایی که مخاطب کودک و نوجوان دارد نمی گنجد.,"['@kargar_it', '@cafebazaar']",,,,2
0,0275a8740c917a88708d0776d3e57eb1b4db1325eaab91fd88b787da8ea30404,Hamid. Nazari,@HamidN75,2021-06-29 09:29:03,"https://game.okcs.com/?invite=28622522863…
دریافت کد تخفیف اوکالا افق کورش با یهدبازی ساده
من خودم دوتا کد تخفقف 50 درصدی گرفتم
شمام زودتر امتحان کنید",,,,,1
0,852cd423b41e5311f89323420892e3295abac6f82e5706d40e11d77768bfa46c,Arezo Rasoli,@ArezoRasoli,2021-06-27 13:07:46,"@okalaclub
 من که خیلی از اوکالا راضی ام خیلی هم تاحالا سفارش داشتم و به تمام اشناها هم معرفی کردم تنها بدیش اینه که باکد تخفیف مای بی بی نمیده این که جز کالاهای تنظیم بازار نیست چرا کدتخفیف براش اعمال نمیشه؟؟",,,,,1
0,68334e59a128ff12b8e5187b04732860cb4d10d2fc9e8aea5628521bf079c934,Arezo Rasoli,@ArezoRasoli,2021-06-27 11:29:15,سلام به نظرمن نوشابه کوکاکولا بوده چون اوکالا به قیمت قبل به مردم ارائه میدهد,['@okalaclub'],,,,
0,62961ff72a7596d69b689f4116815186eca7bf45c1b41fe62881bfd8c397c763,Ali Taheri,@aliinba,2021-06-21 15:01:20,اوکالا بعد از این همه زمان فعالیت هنوز اس ام اس ورود رو با نیم ساعت تاخیر میفرسته,,,2,,17
0,51dc6053f440c6b05e454abfd9b72c9ce5b27de7cfcf79ca7fbdc7da29720afa,A civil servant in Iran,@civilservantir,2021-06-15 10:59:19,یکیشو برای فروشگاه زنجیره اوکالا یا ... سفارش دادن اشتباهی اومده فروشگاه شما,['@farshaddelkhosh'],,1,,1
0,42571de2ea583988f1011d16eceab92c48261f8308506616a214b440b2aa8ad4,naryyy,@khademinaryyyy,2021-06-06 10:13:45,"این اسکرین‌ها رو همین الان از فروشگاههای اپلیکیشن اوکالا گرفتم، 
@somayeh_sayesh
 ببین اینا رو دوستم.",,,2,,4
0,f76969ea775bbcb5ebc181e780aa8b75bc519931e4e3cc389b647ce7b8abe019,naryyy,@khademinaryyyy,2021-06-06 10:09:15,"خودتون ببینید تفاوت قیمت برند‌های یکسان #روغن رو در سبد #خرید_اینترنتی اپلیکیشن #اکالا ؛ 
یکی در فروشگاه #کوروش و دیگری در اکالا.
بعد ما با بن تخفیف ۲۰ هزار تومانی چقدر چیز کیف ازشون خرید می‌کنیم.
#اوکالا",,"['#روغن', '#خرید_اینترنتی', '#اکالا', '#کوروش', '#اوکالا']",3,,15
0,c9ee05d16ae34d388a3a9ebcd430fe4928b6e9cc354ac5a07cb4187b1285041b,M.Reza.M,@MosalanejadM,2021-06-01 08:17:32,از اوکالا میخریدی به نفعت بود که یه تخفیفی میداد الان روی شربت هاش تخفیف میده این مثلا عمده بوده یه قرون هم کم نکرده,"['@MehradSanjabi', '@Pioneer24548470']",,1,,3
0,f87d4e7bbaab4c5b2e9f9040e5033a4b63eec04e1fe75b449c7842d5a9c46da4,secret⁷,@secretssi_,2021-05-30 18:35:45,از اوکالا سفارش بده,['@Vthjk_'],,1,,2
0,0751a6d1febc2a316dfc4ccc6ea326644aabc2e346a797cec58ceeb1ce2bee35,ببر گوزوی شماره ۱۳,@kasra_orr,2021-05-27 14:15:50,تا الان از دیجی کالا فقط کاندوم سفارش ندادم که اونم از اوکالا سفارش دادم,,,2,,79
0,60430740d7d5b1aa4cebf76e59bccc810814b31405842389d7b25dbc33e2470d,انور as a dataframe,@challenger84,2021-05-25 12:19:10,تو اوکالا کار نکردی بفهمی ترکیب تیم غلط فنی و مارکتینگ چیه,['@milad_brznd'],,,,
0,33d3456b41d1991cc7d83bd850fa1c00a4048a271775023d044e849163f7d873,لجندری صعبا,@sa_a_ba,2021-05-22 18:17:12,نخیرم اوکالا نمیخوام باید خودشم بیاددد,['@headless__nick'],,2,,1
0,9b61cb3328399f6f5b16c5f4b164619b7d3671dd0e0526966d86c57ec72710de,اژدها خارج میشود,@corzangolo,2021-05-06 11:33:02,"پرچم شیراز بالان!!
تازه کجاش دیدی ما خودپرداز خودرویی هم داریم
داشتیم رو خرید خوردرویی هم کار میکردیم که اسنپ و اوکالا اومدن کمک",['@Abualibina'],,,,
0,ecd82473a8753eff9a3aa3d7dd0b87569699769a53c46c39aeb19a07432841ed,ملک‌الشعرای باحال,@mmhhkk2016,2021-05-06 01:38:23,آهان این دوتا رو ازشون خرید کردم.تجربه خوبی نبود هیچکدوم.همچنان سوپر مارکتای موبی که تو اسنپفوده رو ترجیح میدم.دیجیکالا خیلی دیر میاره،حتی تحویل فوریش،اوکالا هم که خیلی پچله.,['@se_sepideh'],,1,,1
0,6b49a288f040bde4b27c580783cebe9db682a181da1b3dc45f7ed2ad4137233b,Ghasem Fattahpour,@GFattahpour,2021-04-27 10:33:11,اوکالا چی؟,['@miadabrin'],,1,,1
0,5c4fe1f50ff02c9d8b253412c2674423f9b3d3cc4dc15e807ebc964c6af568db,امیرمه,@amireme1992,2021-04-24 20:52:25,دیگه سوپری نرو با اوکالا خرید کن ,['@SusmareBiDandun'],,1,,1
0,a22951ec544978c0c90b3c249d7bf933866839ba1598581ba6f559bef933634a,Milad Haddadiyan,@Haddadiyan,2021-04-24 10:28:44,انجام بده خیلی حال میده مخصوصا از اوکالا,['@cherrynili'],,,,1
0,94e1469da10ecbb898ac83f124ebb697e6709b103ac14da075428e6f95b79221,BeeZee,@ThisIsBeeZee,2021-04-19 20:18:04,به نظرم فقط اطلاع بده. اونی که باید پیگیری کنه خودشونن که برای ما اسنپ و اوکالا نیومدن پس بگیرن,['@ans_ashkan'],,1,,1
0,2fdcf9e9c45ef86e199181a50748fbc9a37288936f0b321d51b3ffc4ecf71e75,fahime,@fahime_shoshtry,2021-04-18 09:56:12,"خب چرا از اسنپ مارکت یا اوکالا استفاده نمی‌کنی
راحت هرچی بخوای برات میارن دم خونه",['@biza_for_ever'],,,,3
0,0e43d2d7d9f20a99236c19b41249e41cb6f3eec8091dd1f577dd1697588c89de,Sina.yazdani,@Sinayazdani8,2021-04-14 19:34:22,از اوکالا یه باکس بگیر,['@VaKillam'],,1,,1
0,dc6efabf811e6e33ae81022cc1ad1b45ac0036b4980fdf59210dafb3c700bb3f,امیدِ ناامید,@hopelessomid,2021-04-11 12:35:14,"تو دوس پسر نمیخوای
تو اوکالا و دیجی کالا مارکت میخوای",['@dnblmngrd'],,1,,1
0,834472d66a1c36f4937b7f7f356da230922e186543f30648fcad4eb5569b9070,𝓏𝒶𝒽𝓇𝒶,@abbysmelody,2021-04-09 17:15:45,طرف توییت گذاشته ارمیا منشن بزارین فالوتون کنن برای رای گیری میبینم اوکالا منشن گذاشتنتو دقیقا برای چی میخای رای بدی اخه,,,,2,2
0,44a9b1f36f3a3d423b0f288109963de0909f5c7482f07d86e9728ca0b4466bc1,شـهرزاد,@shahrzaad__,2021-03-29 13:14:04,"خيلي مسخرست از نه تومن كردن 15 يهو شد٢٥!
خوشم نمياد از اين سايت اما يكسري كالاهاش واقعا قيمتش خوبه كه خريد ميكنم
يه چيزاييم از اوكالا ميگيرم. كم كم بايد بگرديم دنبال فروشگاه اينترنتي جديد:) درحد رفع اعتياد به خريد",['@Zaahra71'],,,,
0,c3ddb9b1285ce414b7228e9925caf89038383ffe032994fe13c6f44033da186d,سفرزندگی,@safarezendegi,2021-03-25 20:53:03,"از اونجایی که فروش کالاهای اینترنتی در ایران فاقد مدیریت و کنترل صحیح هست و کسی مسوولیت قبول نمی کنه، بهترین خرید تلفنی، از سوپرمارکت محله است با کلی احترام.
#خریداینترنتی
#اوکالا
#بی_مسوولیتی
#سوپرمارکت_محله
#سفارش_تلفنی",,"['#خریداینترنتی', '#اوکالا', '#بی_مسوولیتی', '#سوپرمارکت_محله', '#سفارش_تلفنی']",,,2
0,1ef3870950815b538a86f211446c8e899a8baa59b6302a6e4b7d59e33193b5db,سفرزندگی,@safarezendegi,2021-03-25 20:47:11,امروز رفتم‌فروشگاه کوروش و در حین خرید به مسوول اونجا گفتم سال قبل به دلیل بدقولی #okala دیگه از این مجموعه خرید اینترنتی نمی کنم. بلافاصله گفت ما #اوکالا نیستیم. در سفارش خودتان #افق_کوروش را انتخاب کنید تا از نزدیکترین فروشگاه، محصولات را برایتان بفرستیم. خاطره بد را چه کنم؟,,"['#okala', '#اوکالا', '#افق_کوروش']",,,2
0,85e1d9a5671f51486b02ac2e9388447b286875fd5b58d9863844138dc3cbd738,Davoud Tanhaei,@DTanhaei,2021-03-25 12:28:57,"قیمت واقعی در سوپرمارکت90هزار تومان!
در خرید سوپرمارکتی، به هیچ عنوان به قیمت های فروشگاه های اینترنتی مثل #دیجیکالا و #اوکالا اطمینان نکنید.
با خیال آسوده در  حال سواستفاده از مردم هستند، نقش ناظر کجای این بازی هست؟
اگر به124شکایت کنیم، چی؟حداقل بابت دیجیکالا که اتفاقی نیافتاد.",,"['#دیجیکالا', '#اوکالا']",1,1,17
0,4308b210390aa566fbd64aefe1385f10f7cfd023a7174af19d19c71f48e1fffe,naryyy,@khademinaryyyy,2021-03-13 18:50:33,#چای_بلوط هم یکی از نمونه‌هاشه که در نرم‌افزار #اوکالا و #کوروش ۹۹هزار و نهصد قیمت می‌خوره با تخفیف ۵۰ درصد، ولی روی جعبه رقمی شبیه به ۵۹ می‌خوره خیلی تخفیفات بامزه‌ای داره,['@azad_sahar'],"['#چای_بلوط', '#اوکالا', '#کوروش']",1,,2
0,2959e96908b41ec4efe074764c874b297ad413db33971c16c8bebaa2c199630c,خانمِ میم,@Khanoomemiim,2021-03-12 22:26:04,اوکالا,['@rTahmasebi'],,,,2
0,6c8c9ee508d709ff45867e4c45813b93d030b15b69b6bff66e2a0125d2367d3c,میم,@Happpydreamerr,2021-03-09 13:34:45,برای خریدای سوپر مارکتی من اوکالا خرید میکنم اوکیه,['@Sogol84'],,1,,2
0,a7f6e699f6398e18fd49fc59d9da2fc21035c6a79a424c71325772e3b5b71f81,هدی یخی,@freewomanonjail,2021-03-07 14:05:00,اسنپ مارکت ..دیجی کالا..اوکالا ,['@Aryaa_Mehr'],,,,2
0,efdc8a75d70a721e32a738600d43e10151c38c366a0d5c2923c2f48c1abeed68,saltanatpour | سلطنت پور,@saltanatpour,2021-03-06 23:14:04,شگرد #اوکالا اینطوریه که یه اعتبار تخفیف فیک بهت میده خرید کنی بعد که خرید و ثبت میکنی زنگ‌ میزنه میگه فلان کالا رو نداریم یا حذفش کن یا عوضش کن در هر صورت اون تخفیفی که داده رو پس میگیره,,['#اوکالا'],1,,8
0,52f04beff7dd7a3c6d052ffed670dcb1491f8759976ddf6d43f8866f9c1ad4fb,میسلار لافارر مخصوص پوست های چرب و آکنه‌ای,@RahimianNima,2021-03-04 22:57:30,کیر>>>>>>>>>>>>اوکالا,,,,,4
0,cac224907898f3124bcf73aa9a89ffb7acea070381c772992c977595b338fd8e,Sara⁷ ⟭⟬ ᴮᵃᵈ ᴰᵉᶜᶦˢᶦᵒⁿˢ,@Sara_n_z_a,2021-03-04 01:31:22,میگن اوکالا,"['@Az_alia_art', '@daryagonde__']",,,,1
0,45c9661ed4d0017ab5662fa3c5bf00e59727a521f46b37a0a0cc8f94224fca48,سیناکلست,@barzegar_sina,2021-03-02 14:12:02,اوکالا بزن میاره فک کنم :),,,,,
0,a9790ead77d673332113347806e18653e3f7332bb782da5ab93f72da6ef74838,SedMedi,@sedmedi,2021-03-01 19:11:09,جناب ابراهیمیان فقط از مدیران افق کوروش تونستم شما پیدا کنم /دو پیش اولین خریدم از اوکالا انجام دادم (که اخرین خرید هم بود)دو بار پرداخت انجام دادم که یکبارش اوپراتور تایید نکردم و گفتن شما درب منزل کارت بکشید 24 الی 72H دیگه میاد تو کارت 6 بار تماس گرفتم و هر بار به دلیلی ,['@naimebrahimian'],,1,,1
0,d6616c07170a45c2a12ccaa5a825a10b8ccfaadbb9588f6f851fd2b7a81d45cf,BenYamin,@jadval_o_roya,2021-02-26 13:23:04,احساس میکنم این جنس های اوکالا توش کم فروشی وجود داره وگرنه چجوری این همه کد تخفیف میده :-/ یا واقعا سوپرمارکت چقدر سود داره که اینجوری تخفیف میده ؟ :-/,,,,,4
0,f7d97ac13b192a1c470a33b99558f892bbcca65098cdb5e1a23813c8d696ec31,Rahmani Shams,@R_RahmaniShams,2021-02-24 14:32:14,"فردا روز پدر است
اگر پدری بگوید پولی در جیب ندارم #بایا،#اوکالا،#مهدفرش یا تبلیغات دیگر کمکی به این نداری می‌کنند؟
تلویزیون محملی برای مصرف‌گرایی و تغییر #سبک‌زندگی شده، درحالی که می‌توانست الگویی برای تولیدگرایی و خودکفایی جامعه باشد.
#صداوسیما به کجا چنین شتابان؟
#روز_پدر مبارک",,"['#بایا،#اوکالا،#مهدفرش', '#سبک\u200cزندگی', '#صداوسیما', '#روز_پدر']",,1,2
0,f9b2444e93bec383bc3247767d8d1466ca656aab58d4b8a7078086372a750b80,دونده وخسته‌و مستاءجر,@xgfP4TfxKcwKDR3,2021-02-22 17:47:21,"یعنی باور ندارید!
همین افق کوروش رو بزنید اُوکالا که فروش اینترنتی داره!
بیشتر از ۲عدد روغن ۱.۵لیتری حق خرید ندارید!
اینم آدرس!!!","['@elmira_sharifi', '@Erfaaaanp']",,,,3
0,ea1ce886342a3cbeafbe31ca10735550a55d00decf4688e9aab02fb2b5fab8e2,خاطره پائیزی,@khatere_1990,2021-02-19 01:15:34,اوکالا و تره بار های اطراف رو گشتم نبود,['@moontazeram'],,1,,1
0,d62952245d97b07666d191ed46aa94bb82803ab9239206f591982b2221c33251,Saber | セイバー サヤデ,@sbrsydi,2021-02-18 15:30:21,"دوستان طراح محصول، لطفاً به کمک اوکالا بشتابید. 
خدا شاهده لازم هم نیست کار عجیب غریبی بکنید. فقط یک سری اشکالات ساده رو رفع کنید!
یک سری از مشکلاتی که همون اول باید در #اکالا حل کنید هم در این رشتو برای شما ثبت شده.

#تجربه_کاربری 
#تجربه_ناکاربری 
https://twitter.com/sbrsydi/status/1323598963338022912?s=19…",,"['#اکالا', '#تجربه_کاربری', '#تجربه_ناکاربری']",2,,4
0,c9e7864152170a4e71240807249e601cfeaf488d12a7a64e286f4a646075c3e1,Saber | セイバー サヤデ,@sbrsydi,2021-02-18 13:50:41,"خب در کنار اوکالا میریم که از این به بعد تجربه ناکاربری رفاه مارکت رو هم ثبت کنیم.

به نظرت چی باعث شده که لیست شهرها رو اینطوری تحویل کاربر بده که از بین شون انتخاب کنه؟ 

#تجربه_کاربری #Okala 
#refahmarket
https://twitter.com/sbrsydi/status/1336048875694665729?s=20…",,"['#تجربه_کاربری', '#Okala', '#refahmarket']",1,1,3
0,0d28d91f3b30d26935244fa632b9e03a36ebcc8a1f121a6e3285703a857d2daf,JaberMahabadi,@JbrMhbdi,2021-02-14 09:26:41,"آخه مرد حسابی چند درصد مردم در همین تهران امکان خرید آنلاین دارند؟
شهرستانها و روستاها و حاشیه‌نشینان چی؟
همین اوکالا روغن داره میده دست ملت که تاریخ و قیمتش مخدوش شده ست و خدا می‌دونه چه مدت در انبار کدوم بی‌صفت دپو شده بوده",['@rrghadi01'],,,,
0,c8770e721f08368da677637a7069e5d2ec6c33b5f4372ebf18c2092f0f288951,Reza Ramezannejad,@rrghadi01,2021-02-14 01:39:10,"تنها چیزی که احتمالا کمیاب شده عقله!
این سایت اوکالا
آنلاین برو بخر",,,4,3,25
0,78419b6bfef9e35a9ae5020336e2a8dd7967c20d785f8544bf47b897c0df5942,Mohammadreza Nourmohammadian,@mohammadrezanm,2021-02-04 23:03:39,پیشنهاد می‌کنم اوکالا(افق کوروش) رو هم یبار امتحان کنید,['@YeganehKhodami'],,,,1
0,0187e55b70bb930d6814b8c537dda011af6600ee26cb2dbf85b406f0be8faab3,Ali Hosseini,@alihosseini1982,2021-02-04 22:51:57,آقای اعتمادی از اوکالا؟,['@HedayatiMe'],,1,,2
0,746936a1b281d56d234a956e2fb3be58192e5401d49b5dc4a9b1bd67202ceaa7,برهمندپور یک شکارچی,@shekarchi_me,2021-02-04 13:03:36,"مهدی اعتمادی مدیر بازاریابی اوکالا 
 #dmtalk7",,['#dmtalk7'],,,19
0,bd4c1c299e9030efebbbc800a0f5b1cb4b5807643dc762aa8050860f40daa653,SedMedi,@sedmedi,2021-02-01 16:33:47,تو حوزه مواد خوراکی اوکالا واقعا خوب داره پیشرفت میکنه و کارش گسشتر میده اولا امیدوارم بتون موفق بشن و بهتر کنن پلتفرمشون دوم اینکه امیدوارم رقابت باعث شفاف شدن و عملکرد بهتر دیجی بشه هرچند متاسفانه بعید میدونم چون بجا رقابت دوست دارن با مافیا رقباشون از میدون بدر کنند,['@farzaane'],,1,,2
0,a473b016f1a046adb4c3eafda30aae8fdd397b37fd51f616926f2444147b9595,رضوانا,@rezvvaann,2021-01-26 00:44:05,بادصبا . دیجی کالا . سماک . اسنپ . تپسی . اوکالا . سروش . مفاتیح باب النعیم . قرآن مبین . صحیفه سجادیه . حماسه حسینی جلد ۱ . آموزش نماز شب . داستان های پیامبران . غررالحکم . استفتائات امام خامنه ای . آشنایی با امامان معصوم . خانواده امام مهدی .,['@ir_yasan'],,,,2
0,6b4a1f3b00640396741fd653ee4c21ffe592b789a0173232720b762561498bbb,Blue note,@Bluenote1986,2021-01-25 19:09:53,"برای پنیر شهری پگاه، پنیر محلی رامک،پنیر دوشه هراز، ماست پروبیوتیک کاله. حبوبات همدل،برنج قهوه ای و جو پرک هاتی کارا میرم فروشگاه بعدی.
البته اوکالا اگر چه تحویل هاش با تاخیر است ولی این مشکلات رو تا حدودی حل کرده",['@Arashghafari8'],,,,1
0,03b7d838c0132837653b8183df9049cb0798c86151ba11aae473e79815b2d3e7,اعظم وایانی,@AzamVayani,2021-01-24 15:36:57,همین دیروز از اوکالا سفارش دادیم.اوردن دم در تحویل دادن. بیش از یه دونه نمی فروشن ولی خوب نمی ارزه واقعا بری صف وایسی,['@Irani20202'],,,,2
0,18bed9792ea04a1fe43afaf689098293a8e47bc38528070d6ff987ec92a27849,هموطن,@whoareyou2732,2021-01-23 15:15:53,افق کوروش یا فروشگاه اینترنی اوکالا دمادم اس ام اس تخفیف می فرستد ولی وقتی خرید می کنی و کد تخفیف را وارد می کنی یا کد را رد می کند یا اصلا کالا را تحویل نمی دهد       #اوکالا #اُکالا #افق_کوروش #ofoqkourosh,,"['#اوکالا', '#اُکالا', '#افق_کوروش', '#ofoqkourosh']",,,2
0,867d5b80d1d46cfcb358717d3116fc82ec00e3aa1a9f1643fff984183b8d2c99,khatere,@kalamghomri,2021-01-23 01:04:40,"یه چیز جالب بهت بگم
ما از اول کرونا از مارک بلوط فلفل شیرین میخریدیم
هر وقت از اوکالا میخریم ۹۰ درصد شیرینه
از دیجیکالا که میخریم ۹۰ درصدش تنده! حتی کامنتای دیجیکالا هم میگن همه تنده
خیلی عجیبه!",,,,,12
0,d8d8ef3a61dfa6adac06c884b76e5471e20cfcfb83b82adedaa753f9724ea554,اروین رومل,@GenErwinRomel,2021-01-15 01:14:56,کاش افق کوروش سیگار می‌فروخت تو اوکالا,,,,,
0,f9a9b7d3514d0e2a36f2f528d353e1986cc8af18c5281d2e3332ef88ae29116c,آنکل جیم,@mohitso17,2021-01-12 22:06:17,مجبور نیستم استفاده کنم اما اوکالا بدترین اپلیکیشن ایرانی میتونه باشه,['@keyhanasghari'],,,,1
0,0997fe36d255460c6c97494f008326a1c73280690d2c43e8134a92a1f38ff75e,𝓳𝓲𝓶𝓯𝓮(صادره_از_آبادان),@Jimfe3,2021-01-11 21:04:02,فروشگاه افق کوروش #اوکالا,['@mahdlue'],['#اوکالا'],,,
0,841497201d5a8d0e73d6d23c9c3183422e6f089ac0fbfb9aa368ab8a061465ed,S.fallah,@Sobhanflh1,2021-01-01 04:18:39,کد تخفیف اوکالا دارم. میخوای؟,['@sssajadi'],,2,,1
0,3c01864dc8528ae07358cd86eb1e13c42407d03923365f18af31665c28dabae0,نیکولو ماکیاوَلی,@nico_makiavalli,2020-12-30 14:37:49,غولهای اقتصادی وابسته به بیت و سپاه به اهمیت تکنولوژی بخصوص اینترنت پی بردن، از سویی اینترنت رو دارن ایزوله میکنن، و از سوی دیگه درحال تشکیل پلتفرمها و هاب هایی برای سیطره بر ابعاد مختلف زندگی اقتصادی، اجتماعی و فرهنگی مردم هستن(آپارات، دیوار، ایرانسل، اسنپ، تپسی، اوکالا و ...,,,2,,12
0,bd902b67cabe65d4f38c7af48a96c6d8c52d7b7a3ac2c2b0d134823990433171,‌freeDev,@mahdihn1,2020-12-30 03:42:19,"بعد از یک ماه پس از تاریخ ثبت نام و تحویل مدارک، و یک ماه استفاده، الان خط من #قطع است
گناه من چیه؟
خب تعطیل کنید و کرکره #فروشگاه_اینترنتی_ایرانسل را پایین بکشید
من مشتری ثابت  #اسنپ و#اوکالا هستم و حداقل هفته ای یک بار از این دو عزیز خرید میکنم
لااقل برید #آموزش #فروش ببینید",['@IrancellSupport'],"['#قطع', '#فروشگاه_اینترنتی_ایرانسل', '#اسنپ', '#آموزش', '#فروش']",,,1
0,8abb6c68b44042db604ca02428fc5393819d7ebc8f42c97a91345c726170fe65,khatere,@kalamghomri,2020-12-28 13:33:31,"هرسایتی که نماد اعتماد الکترونیکی داره رو میشه ازش به خود نماد اعتماد الکترونیک شکایت کرد. از لحظه ثبت شکایت تا ۴۸ ساعت بعد فزصت دارن رضایت شخص رو کسب کنن و گرنه فیلتر میشن
ما از اوکالا همین جوری پولمون رو پس گرفتیم",['@SaYaghoobi'],,,1,5
0,fda19eaf1330dd94274766546197bda3c9f2a0a055d83e8ae91c43e231451f90,Sabool,@Sabool19,2020-12-24 16:25:54,موافقم  اوکالا هم اضافه کن جان دلم خیلی حرصم داده ,['@ShiNghiLi'],,,,
0,4bf4ef1ef39e3bf05e6b6099b703a4589d4244c5bbae53e94ac9d64e6a8c919d,خاطره پائیزی,@khatere_1990,2020-12-22 12:35:43,اوکالا چیه,['@parsa3614'],,1,,1
0,2d9fef9c562d2c3bb7eb3c41ce213ed48423f6679a913a11931980ec39aebe8b,پارثا,@parsa3614,2020-12-22 12:09:54,"اوکالا مگه تبلیغ نمیکرد که تخفیف نقدی برای اولین بار 
پس کو؟؟؟",,,2,,21
0,46219cab75266f6693cbe66f0e99b1334646969a9f531a6a10b902d07455919b,مصطفام,@Most4f4m,2020-12-21 16:18:03,"خاک تو سرت ""اوکالا"" با این سایت طراحی کردنت
یکبار نتونستم بدون اعصاب خوردی خرید اینترنتی بکنم",,,,,4
0,23f4cb6381acf75bedf5a32b1b7f21281b5094ddc67756d494b3604e3e89e628,Maang Mirzaei,@maangmirzaei,2020-12-17 17:30:06,"چار قلم چیز از اوکالا سفارش دادم پیکشون چهار بار زنگ زد هی الکی
مرتیکه لاسو",,,1,,1
0,efd4de12c36fe08665642bf09501d4ffdbdf61e6131f50cab771d9cf9c52790b,NargesAzad,@nargesazad,2020-12-17 15:22:46,ما اون سری از اوکالا گرفتیم رو چارصد تومن صد تومن تخفیف خورد. اگه حوصله داری چک کن قیمتا رو,['@Ronakism'],,,,1
0,272628c616837f91bb4f1e0aa58a668eca07a7a4f83a5cfb4e04cf3c7b7d0bc7,Saman,@Samannajafi18,2020-12-16 12:23:36,"تو همون روند اوکالا گیر کردم بدبختی
کاراشم دارم پیش میبرم
ولی استرس افتاده به جونم",['@yasmangola92'],,1,,
0,3d788718dd445f415cc38bddfb0361f5c8cb37684c10aecd8d20c0b8ffd7564f,دانیال الف‌صفر,@danielalefsefr,2020-12-14 23:51:46,برو تو اوکالا ببین یادم نیست,"['@fylsoof_door', '@Ya_fatemeh']",,,,1
0,addb76db8268dafad2c777ec272e4441e871f7740c534af1585de3948378fb13,Siamak Rahmani,@siamakrahmani2,2020-12-13 01:45:16,ما دیگه غلط بکنیم‌‌ از اوکالا خرید کنیم. کلا,['@ABaastaani'],,1,,1
0,c1c5cf2033854308e96c662b1dbb27b01aff4bc4fb01433176541ea297ead541,علی اشعری,@Ali_Ashari_,2020-12-08 14:33:03,"اینا رو بذار کنار تبلیغ مکرر فروشگاه هاي مجازی. بایا،  اوکالا و...
این یه پروژه تغییر سبک زندگی مردمه. حاکم کردن فضای مجازی. مثل روز روشنه",['@aboo_zahra'],,,,1
0,2e4e164d4c2f3e4de8d91e35d327c33f3fbd36a1d45872a06d41c9986546420d,khatere,@kalamghomri,2020-12-08 01:16:45,اخه پول به حساب اوکالا رفته,['@sabayiii'],,1,,1
0,55029db718d7c6e358fdad3098200cf04c5254c0ffb03df56a87efa23115c126,همیشه خندان^_^,@fateme33850161,2020-12-06 23:59:43,از اوکالا بابت این اپراتور های خوش صدا بخصوص آقای بخشی خیلی تشکر میکنم ,['@OFOQKOUROSH'],,,,
0,e289a5f105a6bd3d5571ddc4dcd28033aaec664a47c1779d04558522076b0fd6,BeeZee,@ThisIsBeeZee,2020-12-03 22:20:10,"تو هفته اخیر دو سفارش اینترنتی داشتیم از اوکالا و اسنپ مارکت که هر دو محصول اشتباه فرستادن و میخوام برخورد پشتیبانی‌ها رو مقایسه کنم.
اوکالا: آخر وقت بود که سفارش دادیم و مهمترین سفارشمون رو اشتباه فرستادن. زنگ زدم اطلاع دادم که این کالایی که اشتباه فرستادین هزینه‌اش بیشتر هم هست",,,1,,6
0,1223251fe0fafb9bd9e08f2b81ab6088f6988fcbbdda5c5b73d03a1390b1d4cd,khatere,@kalamghomri,2020-12-03 12:48:46,"خدا چین رو لعنت کنه که ما رو انداخت گیر این کسب و کارهای اینترنتی!
فروشگاه اینترنتی افق کوروش #اوکالا موقع پول گرفتن زبله برا پس دادنش باید قیامت بشه!
یک هفته قبل دو مورد پشت هم برای ما اتفاق افتاد!
۱_ خرید کردیم پول از حساب رفت. پیامک اومد که کالا نداریم لذا خریدت کنسله
۱/",,['#اوکالا'],3,2,182
0,f409298df24462182e502d99b49b4f43e4f0301f856ad46443eda43acd558b55,بابا لــــنگ دراز,@gggyo_0,2020-12-02 00:18:09,"ببین پاره شدم تا اینو پیدا کردم
ولی مثل اینکه بخاطر این تولد ۷ سالگیش میخان اوکالا رو تو کل ایران راه بندازن نیرو میخان حتما
ایشالا توییت بزنی رفتی سر کار",['@TheRunningBoy81'],,1,,1
0,db8b7e19798cbd70bbdb9c40c194fdb1c07ae4eb08a9411f57af3d5c51e60047,Dilmajbanoo,@Dilmajbanoo,2020-12-01 21:56:30,درسته مدتهاست دیگه برای کالاهای سوپرمارکتی سراغ دیجیکالا نمیرم. اوکالا و به روز رسان خوب هستن. اسنپ مارکت هم بد نیست. برای خرید اجناس دیگه متاسفانه سایتی که مثل دیجیکالا همه چی داشته باشه پیدا نکردم,['@ZarvanAzali'],,1,,1
0,600bf546e6b059522a9145115cec9511088a6ac3a7d13e3ffe35a6112e6da9bd,David,@ipsilonx,2020-11-28 16:27:26,"اینهمه فروشگاه آنلاین هست. ۳سوت، والمارکت، اوکالا،... 
یه ساعته دستته",['@__Hds_'],,1,,1
0,f456b9e667746623eb6b36ba455d27f42951af09fd5cd6185cf4b4d41ced0692,Alireza,@Alireza22430592,2020-11-23 22:31:04,اکالا افق تازه راه اندازی شده. نیرو هم کم دارن. برنامه هم پر از مشکل. نمیشه آری کرد. با خود پشتیبان اوکالا تماس بگیر,['@aga_yones'],,,,
0,42bacd349d8bb2c34323bdb861a4bf8cbca12f2c46ab57dea5293573a84cb1f4,پُسری,@singlequotation,2020-11-15 00:05:58,نشد ما از این اوکالا سفارش بدیم یا کنسل نکنه یا عقب نندازه,,,,1,7
0,f92d78748d17a239742091864b5cc398be9048a105292756ada853838d10d8b0,-Massoud-,@Massoudpishkari,2020-11-14 14:37:27,"وتوصا به خاطر سهمی که با واسطه از دیجی کالا و شیپور و بقیه داره
افق کوروش به خاطر اپلیکیشن اوکالا و ماهیت رشدی که داره",['@hadifaghihi'],,,,
0,d5f6d3378bbe8013787d8c12ec0751420aa7b65a5a99e4544ad54e74829c0110,پیرمردِ گیوه پوش,@valixim,2020-11-14 11:46:11,پ بفکره اوکالا باش.!,['@_jesi_khanom_'],,1,,
0,f8c0b0b1ad9fb6755c679497f2a9ec5d37df69ad506e775e3781908c4e4af9b9,Kian & Liam,@liam1191kianshz,2020-11-14 01:36:52,امشب با اوکالا سفارش دادم امیدوارم فردا زنگ نزنه بگه نداریم,['@nikita_khorsh'],,1,,1
0,06f0d68ed5700897073cf95f7f75d7ee6366a7e1f4d27e0a5b4d6e1327ee0e64,Arezoo,@Arezoo14980,2020-11-13 22:02:11,با اپ ٱکالا یا خود فروشگاه اوکالا داره من خودم هفته پیش گرفتم,['@liam1191kianshz'],,1,,2
0,23a4f2d48a0805107625d13b507137ad10fdb44462438828efcbbcfb804c1f57,moe,@moeeab,2020-11-12 00:38:28,ببین اوکالا خیلی خفنه همیشه اشانتیون می‌ذاره وسایل یخچالی رو میذاره تو سردکن ولی اسنپ مارکت مثل گوسفند نایلون می‌کنه می‌ذاره پشت وانت اصلا ازش نخر,['@negosaur'],,1,,
0,85630d273c1880fc7561eac93af09af5aab2b3675c04fd3ebfda6a9ad1249814,گندمك قصه گو,@SunflowerSquidd,2020-11-11 12:33:54,"اپ اوکالا همش پیام تخفیف۳۰درصدی میده.
بابام خرید زده، قند و روغن و برنج.
نوشته کالاهای اساسی جز تخفیف نمیباشند.
بخاطر ۳۰تومن تخفیف ۱۰۰تومن ناگت مرغ خریده، دو روزه از خشمش نمیدونیم بکجا پناه ببریم",,,,,1
0,69fb5361f0443d6c4e7bbc9a18f8550990c7c4564856ee63763ff202be37200a,ســردار مــردونیــه,@GenMardonius,2020-11-03 21:48:09,یه سر به اوکالا هم بزن,"['@Mojionix', '@FieldMarshalPSO']",,,,
0,7e3c1ea962bab8832416df39eac02587435ce74f8068c9698a8ce48bc2da7334,حامد,@tantarani,2020-10-28 22:41:12,"فکر کنم نانسی تو افق کوروش باشه.
اگر نباشه هفته آینده با قیمت جدید میاد.
تو فروشگاه اینترنتی اوکالا با قیمت جدید هست.","['@Aryana8362', '@NNiniban', '@najighorbani']",,,,1
0,daad010acb32c7f9572f6b0bb0166ca69e428044ff62bd1c1e19f63e737326d9,A .AsA.,@wellmanforu,2020-10-28 00:59:13,"نه تو دیجیکالا
نه تو اوکالا
نه تو مغازه ها
روغن پیدا نمیشه
آخه لعنتی ها میخواین گرون کنید عین آدم گرون کنید
این کولی بازی ها دیگه چیه",,,,,10
0,9c3506c70bc65f1d7309baf3de4fd9141e8f45d57b68490a774fda532fcd136b,احمد بابای راشل,@Ahmadpory0,2020-10-26 19:05:48,پرداخت در محل خیلی بهتره، گاهی وقت ها ممکنه جنس اشتباه بفرستن. میتونی مجبورش کنی پس بفرسته. البته تا حالا از اوکالا ندیدم. ولی از رفاه مارکت زیاد این حرکت رو دیدم.,['@arghavaniiii'],,,,2
0,c51a4c0bca6e57e164e78fcd7f431703b0e3129be6e64ecc9f075a294bb82c2f,پــَــردیـــــس :),@pardis7899,2020-10-26 18:50:10,اوکالا,['@AmirAarsham'],,,,
0,959436841417f0bdd74b09054432825be08e808aebe0497753d3cd58cc1476c9,Azin Ghasemi,@naneSarma,2020-10-22 15:44:10,اوکالا خیلی باحاله میتونی کد بزنی همینجوری و فقط ارور میده و اینکه زمانش هم ۳۳ دقیقه است و با هر بار اشتباه زدن باز میشه ۳۳ دقیقه,,,,,
0,4f3938d6091b885090bd3dd05ed2d8c9e5b1bebd2f6701001526368398f61edf,معامله‌گر گمنام,@MarketActivist,2020-10-21 23:45:22,من تا حالا سفارش ندادم از اوکالا. تجربه‌ای داشتین ؟ در مقایسه با دیجیکالا و اسنپ مارکت به نظرتون چطوره ؟,"['@BeautifullMin12', '@OracleofOmaha30']",,1,,
0,0dfafc721887b32f46e3f462f7fd874c5a310c307e284f6ed2a4aa26e9edcb8d,Dolphin,@dolfinind30,2020-10-21 20:39:27,از اوکالا گرفتیم و خوب بود,['@naeem_farhadian'],,1,,1
0,f930ed9908f8236555c47c2cb8407f4be32947436002822975bdc7e1a9565dd8,ناثر,@Such_A_Khoob_R,2020-09-10 14:12:18,"اوکالاماخ دیگه
اوکالا= ماساژ بده",['@Napaalooddo'],,1,,1
0,c4560dc0ef7287560d02c5fd69a037f21f50e34e50e838a609e4c140f0e21c60,Zhuge Ei,@ZhugeEi,2020-09-08 15:06:54,اسنپ مارکت و اوکالا اینجوریه که بخاطر تخفیفاش به سوپرمارکت دیجیکالا ترجیحشون میدی و کلی سفارش میدی بعد زنگ میزنن تمام محصولای تخفیف خوب دارشو میگن ندارن :))),,,,,4
0,4ed0f49ad111c0682c0a5e184d9166b37a7888bb17c181467189ee367644bada,شیزوفر_بیا,@schizo_124,2020-09-01 18:28:32,#اوکالا گند نزن دیگه دو دفعه ازت تعریف کردیم ... واسه خودش کالا رو حذف میکه بعد میگه به علت عدم موجودی و عدم برقراری تماس دیگه حذف کردیم ... چی من باید تماس میگرفتم ؟؟؟ شمد که هیچ زنگ نزدین,,['#اوکالا'],1,,7
0,97363e95cb398db687e84a96ad4c41046a664478109bd4a81d3307226d345e33,شیزوفر_بیا,@schizo_124,2020-09-01 11:01:37,اوکالا هم ارسال ۱ ساعته داره,['@MardeKohan'],,1,,
0,4b9a277ee3ee37f963054fd1c222d54e0a43f424e5149af95b902b47021f4797,khatere,@kalamghomri,2020-08-24 19:09:35,خیر ببینی از اوکالا هم خریده بودم,['@MahshidMashMash'],,,,1
0,5ef62b754c3a0bc4de755d49db78f6eab85cc8fc0d0e18c0b84874e930689506,shahin,@ShahinB,2020-08-21 17:23:30,"فروشگاه اوکالا یک ماهه تخفیف فوری پنجاه درصدی داره برام میفرسته
یا نمیدونن پنجاه درصد چیه  یا حاشیه سود سوپرمارکت طلایی شده 
یا شاید اینقدر پولدار شدند که اینها عددی نیست براشون ",,,,,
0,1570fd8b7cfa644494788b4a3c998d3339ae4f0c22717c4770241602a933f484,احمد بابای راشل,@Ahmadpory0,2020-08-15 23:39:17,اگه تبریز هم باشه، هایپر فامیلی هم بد نیست. اونم دقیقا تو پلتفرم اوکالا تو‌ تبریز سرویس میده.,"['@Ahmadpory0', '@arghavaniiii', '@KimiaKhosravii']",,,,1
0,d5a0bae5da9f2cf3b859d6b65d95f6833a01ae0d4de45e1155de3040bbdbb467,احمد بابای راشل,@Ahmadpory0,2020-08-15 23:38:21,"⁦⁩
اوکالا چند وقت یک بار کد تخفیف هم میده.","['@arghavaniiii', '@KimiaKhosravii']",,1,,1
0,974e953e1d5eb94b878b834c7c32f95d76c626569caa2bf1b85bd950f3a11e65,Mahdi Kavyani Nejad,@Mahdi_KavianiN,2020-08-12 16:07:01,"اوکالا تن ماهی گذاشته 175 تومن! بله درسته 175 تک تومن. ینی یه اسکناس 100 تومنی با یه سکه پنجاهی و اگه گیر بیاد یه سکه 25 تومنی دو رنگ! 
چی توشه من نمیدونم!",,,,,10
0,69313547e60937bd8c7dce8c894ed7d9bc39432f6e4e524286af785154ffad0a,امیر,@amkhojasteh,2020-08-11 12:59:45,بابک اوکالا رفته بود صفحه ۴ ,['@Babak25th'],,,,
0,6a6230fcb2e764ca3d7896806c72a079da270af82b0afd0c1e4a34f398f1925c,کافه‌گرد دیوونه‌ی فرفری,@nadalindooo,2020-08-10 20:31:25,ای کاش اوکالا زودتر برسه، شیرقهوه‌ی فردام رو آماده کنم بخوابم ,,,,,8
0,b7af34347aa4452dd9711b0c5a7a0bec22d91184c5f9d9063872621a73736e6f,مرتضی ترادیون,@nikrad_club,2020-08-10 13:06:15,"ما نه کارت میفروشیم نه کد تخفیف 
شماره ۱۶ رقمی کارتی که در سامانه pos سامان (اوکالا) کشیده میشه معرف ارجای مشتری از سمت ما هست 
تا ۵ درصد تخفیف بصورت آنی بهشون تعلق میگیره تازه اگر بتونیم مشترکین بیشتر هم اضافه کنیم میتونیم تخفیفات بیشتر بگیریم
و البته همه چیز در این پروسه رایگان","['@takhfifhot', '@iamjwatson', '@dako0_ta']",,1,,
0,2a0b4957d41a0664b8e4c969e6205308cf0dcf9ee3827b30db587c9c2e03ff78,MJA,@mjadainty,2020-08-05 16:47:18,از اوکالا خرید کن اولین خریدت ۵۰٪ تخفیف داری. ۲۰ تومن میوفته واست,['@azad12421'],,1,,
0,c7047737feb764f4019e4c72b31a51b0a2a8fd7ed3c84349b74dc144d595d4c0,علی صادوخ,@alisadokh,2020-08-04 20:51:25,"بچه ها برنامه اوکالا رو بریزید بعد از ثبت نامتون با خط موبایلتون بعد ۱۰ تا۲۴ ساعت مبلغ ۳۰ هزارتمن  تخفیف بهتون میده و اجناس افق کوروشو میاره با پیک رایگان دم‌خونتون 
تواین گرونیا بازم یه مو از خرس کندن غنیمته باهر خطی ک ثبت نام کنید بهتون تخفیفو میده :))⁦⁩",,,1,,13
0,6246d28f9d58bc2e7e8a26822d7549d50dc72b98f7c08f090a92eb3d54e0fe5d,Hadi.YaLin,@hadiyalin,2020-08-03 20:07:13,اوکالا رو ببین.,"['@mina18aban', '@snappfood']",,,,1
0,7da2faea25ac57666c2668d59beb4a47261cdc5017d54fd5cb33bece433cd50f,Ali Taheri,@aliinba,2020-08-02 19:47:31,"جمعه عصری از اوکالا خرید و پرداخت کردم هنوز ارسال نکردن!
تلفن پشتیبانی شون هم ۲۸ نفر تو صف انتظار هستن",,,4,,26
0,545c47e776c067d1c8020458cd9b9916067b07bd931fa45dcbdc34fdafb0ed24,Vesal,@vesalBehrouzi,2020-08-02 14:32:55,اوکالا کی بود این وسط؟,['@kalamghomri'],,,,
0,b11b37fe2d9ac94ba474ee1efaa7d7d65227b4761722785ebbb18b4411c8c935,دردآشام,@1nafarr,2020-08-01 21:41:02,"اوکالا؟؟؟!!!!
اه اه اه",['@kalamghomri'],,,,
0,1812f9391f52792b6245fdf93ccf754a07c169b277f408616a7cd6d47cc9b1b3,Amin Rasouli,@aminrasouli_,2020-08-01 21:07:07,"اوکالا سفارش یکساعته رو بعد یکروز بدون هماهنگی کنسل کرده و پولشم برگشت نداده بعد کلی تماس و دادن شماره شبا و گذشت چند روز بازم پول برگشت داده نشده
#اوکالا #افق_کوروش",,"['#اوکالا', '#افق_کوروش']",,,2
0,3c199688e6bc46c69b1da32a8f864da6da22df434a1d4c92702cf9b289cf7cde,ژنرال,@Me70_72,2020-08-01 15:35:54,"بچه فعالش خوبه
حتما مراقب اوکالا باشید ",['@kalamghomri'],,,,2
0,b2c934bf4003c08ed86c14a84fe37ce33d509ef464ab1ed1a699308b3d787117,Dandelion,@Daandeelionn,2020-08-01 15:13:45,"اوکالا هم نبود
ممنون از پاسخگویی",['@Farmand_ir'],,,,1
0,45c081420ae907fbe036b01a0e574457f2b2210a49346cc2e03717f939cd4829,نقاش سرزمین عجایب,@letsgoaida,2020-07-31 19:12:39,اوخ ننهاوکالا کیه؟,['@kalamghomri'],,2,,2
0,3bb7da47c8b8c2f334e084141d5a8aa6b4669896b5f978b06b56f89cc38b0477,پرستوک سفید,@parast2k,2020-07-31 16:42:36,اوکالا منطورش اپلیکیشن افق کوروشه؟:))),['@kalamghomri'],,1,,13
0,385101fec5d65caaf6f9e79e73ce75be725c06dae99924c41270b38295efd22f,khatere,@kalamghomri,2020-07-31 16:36:45,"ولی این تربیت جنسی خیلی سخته!
من اولین بار که برا این بچه توضیح دادم که اعضای بدنت مخصوص به توئه و کسی نباید ببینه و فلان ...
تا یک هفته داشتم جواب پس میدادم که:
_عمو هم نباید ببینه؟
نه!
_خاله؟
نه!
_سگ‌های نگهبان؟
نه!
_گاو حسن؟
_اوکالا؟
_عمو پورنگ؟
_خری جون؟
_تخت؟
_مداد رنگی؟",,,67,37,"3,012"
0,69bb7219987f9fe6fe96be21102e3a2be31f8cd3b307402689670a322a3b6e73,YektA,@Yek_t4,2020-07-24 11:05:45,هنوز اوکالا نریختی پس :)),['@Zeinabs_1'],,,,2
0,d160a7f0dc45afd7f1f31033eee91e8202e4da380ede52dd730140b58b847b22,Reza Adiban,@adiban_reza,2020-07-16 15:54:06,"واقعا جایگاه دستگاه های نظارتي کجاست؟

#عباس_تابش
#افق_کوروش
#اوکالا",,"['#عباس_تابش', '#افق_کوروش', '#اوکالا']",,,1
0,b8e18e4397bda9c7ab2c4235d3d86182409cb9de3f6f09ecb4ca219197d52d1f,Reza Adiban,@adiban_reza,2020-07-16 15:38:03,"تامین مالی(دزدی) به سبک افق کوروش
۲هفته پیش یه پیامک اومد که برای اولین سفارش از اوکالا،25% تخفیف دارید و سفارش شما در کمتر از ۱ ساعت میرسه.بعد از سفارش و پرداخت گفت که تحویل یکساعته نمیتونه داشته باشه و تا ۱۰ شب تحویل میده.بعد این کار رو تا ۳ روز تکرار کرد .",,,1,,
0,27faa872c8970491a806da20875163a4764fc1d76c4428fa7f14ed48ac17c204,דָּוִד,@pr_davood,2020-07-12 15:32:49,با تخفیف‌های اسنپ‌مارکت و اوکالا بگیرید,['@ZahraMinaei'],,,,2
0,5bb396dbac012561a7c54e2ca4694c388bb758a6bc28c7e29e6504ab03b5bc6f,Siavash,@siavashh,2020-07-11 20:15:20,جاش چارتا محصول بیارن، دو سه روز اخیر جفتشون رو تست کردیم هیچکدوم خریدامون رو نداشتن، آخر از اوکالا گرفتیم، دیگه دستمال کاغذی و تخم مرغ که باید تامین باشه :/,,,2,,13
0,730ad4cdf38abee3cb6b5b07cd1e48291cc5d745702bf309a01e2fead345c084,خانوم ِ ژ,@saliiivan1,2020-07-07 21:09:32,"سفارش از اپلیکیش اوکالا که مربوط به افق کوروش خیلی به صرفه است 
نمیدونم تا کی ادامه داره",,,,,
0,9071ca97b55c9199c4fac5d31df7c6af9c4372abf2452ff3a6d847dec2d8f75c,شیزوفر_بیا,@schizo_124,2020-07-01 11:29:43,"خدارو شکر همه در حال پیگیری کارای منن 

#اوکالا #داتک",,"['#اوکالا', '#داتک']",,,3
0,0329f8c1fd141308951c3d8dc6cd3ea49057a9198463c6a8770fd9033de0fad2,HosseinAl,@Hossein17579874,2020-06-20 07:59:13,"یه سوال بهتر 
چرا اپ اوکالا با همون افق کورش لوکیشنت رو توی دانشگاه اصفهان نشون میدهدقیقا اونجا چی کار میکنی",['@itisAliRH'],,1,,3
0,2f11e213081f2046030549a95c4de2e2af9149050d94f003aa74696f269096d9,arman,@arman22890,2020-06-15 15:28:52,"من این پوشک رو از روخانه ۵۰ تومن میخریدم بعد از عید هم ۵۰ تومن خریده بودم از اوکالا 
الان شده ۸۰ تومن",,,,,1
0,caf48052ba6e02a48a8a6b47447bc0a330cd552f2d38a8770ea90b99ac81d6df,Kamyar,@kam2yar,2020-06-13 22:34:25,"تو این #رشتو میخوام براتون از تجربه خرید از سوپرمارکت های آنلاین #کرج براتون بگم
تا اینجای کار از اسنپ مارکت ، پینکت و اوکالا خرید کردم و همچنین از سوپرمارکت دیجی کالا موفق به خرید نشدم 
اگه براتون جالب بود رشتو رو دنبال کنید
@snappfood
 @pinketofficial
 @Digikalacom
 #او_کالا",,"['#رشتو', '#کرج', '#او_کالا']",2,,6
0,9b4375139479cd2c42b9e1128230db9f8f0e3f0c5052928fc709dd9ff9250946,khatere,@kalamghomri,2020-06-08 13:52:36,"اوکالا نمی‌دونم چه مرگشه دیروز با ۴ ساعت تاخیر اومد همه فریزری ها هم آب شده بود
نفر ۳۰ام صف پاسخگویی اوپراتور هم بودیم!",['@nansy3891'],,1,,1
0,388390b50a9d3da922cbac5046a0c2d347958981a466cdab4f6268dbecc8c7b2,khatere,@kalamghomri,2020-06-05 13:30:17,"من از اوکالا میخرم
واقعا راضیم همیشه هم برام اشانتیون میفرسته",['@PortableSoul'],,1,,
0,96cb3a7937aecd55d445a8f72c7effea58be3f4afd727258fa5aee698f28556d,MohammadAli,@sharh,2020-06-01 15:59:36, همین طور سی بوک و اوکالا و اسنپ مارکت,['@islamizad'],,2,,3
0,485fa4c32571fed2cf1977873d79f8f92a6342a59582910a068d24c0ea5734dd,babak1350,@babak13501,2020-05-31 00:40:14,اوکالا (کوروش),['@Ashrafzadehn'],,,,2
0,05732f06d04881d164d928e28eb6245ec66182ec69840e2b54cb9f34c396b242,Moh |\/|,@mim_m_d1995,2020-05-30 22:13:54,من از اسنپ فود میگیرم ولی دوستی دارم کالا های مختلف رو توی دیجیکالا اسنپ و اوکالا مقایسه میکنه و هرکودوم ارزون تر باشه از همون میگیره,['@Ashrafzadehn'],,,,1
0,0c8fc9f47df3baeee6ab7bb2e554f0e1f34e5ca879efbce2bcd81000c72e065c,دختر مهربون قديم,@MV20837,2020-05-22 17:04:09,اوكالا،تزول،اسنپ ماركت,,,,,1
0,b36a475d2a22e5a719e695a8f396eae80c9e9167c6a986a7cb70fff656de6301,شقایق,@5haghayegh,2020-05-21 13:19:31,اوکالا خوذشو گایید!,,,1,,5
0,86ab9cb62c2801eee28485fae24ca989ded6d1baad9dbbefbf0440b68e1a7d7b,قاسم واحدی,@1vahedi,2020-05-21 01:37:59,خیر. اوکالا خیلی خیلی بزرگتر از این حرفاست,['@aboutsajjad'],,1,,
0,58e7c3bba5a1fad0e4ef8ae7a6c388c7c9f1cd72b228dfa3b24c5ce0a54fcb03,شیزوفر_بیا,@schizo_124,2020-05-20 12:47:06,اوکالا خدا ازت نگذره خوابم میاد #اوکالا #okala,,"['#اوکالا', '#okala']",,,5
0,e4c9c8cf14c3a225b68500ac1cff8158708c23bcb0fa1e6226f32dd7c2822cbd,شیزوفر_بیا,@schizo_124,2020-05-20 11:02:30,"استورهای گرامی زمان بندی رو گذاشتین که مشتری خیالش راحت باشه از وقتی که خریدش میرسه نه اینکه زنگ بزنی بگی تو که هستی الان بیارم خب
آره هستم ولی خستم ... خوابم
#اوکالا جان",,['#اوکالا'],1,1,10
0,6002b30d2946e52b72785c1e0f43c1270b5ba4090e9e81ae9e1b87b40f386747,Matin.miralaei,@matinmiralaei,2020-05-16 13:37:35,اوکالا هم همین طوره، البته من از اسنپ مارکت استفاده کردم کد تخفیف را ولی اوکالا همش میگفت معتبر نیست,"['@NasrinNiknam', '@Snapp_Team']",,1,,1
0,9ad49ecc31cea5a59d9b46c4096309d69daebbb5e26557e034bc584c5e62b628,رستمِ پیزوری,@pizoori,2020-05-15 19:12:26,"در شرایط کاملا برابر و قیمت کاملا نابرابر ... 
@Digikalacom
 لطفا این تفاوت قیمت رو توضیح بده
#دیجیکالا #اوکالا",,"['#دیجیکالا', '#اوکالا']",1,1,3
0,a4a995926b4481237f2fd61375d5ae24d00605d60636dddccf3b53e5568d64b5,javid,@javid_4,2020-05-14 04:45:29,همه فروشگاها دادن ماکارونی رو ۵۵۰۰میدن برنج هندی هم ۸۰تومنه دقیقا اس ام اس دیروزه اگه هم باور نمیکنی یه سر بزن همین اوکالا,['@soltansorush'],,1,,1
0,0d58f4e2787d5d0286d0561f7345acc4616b6ac46e02a5775a95297ef7b8d683,javid,@javid_4,2020-05-13 01:56:05,مثل اوکالا,['@kalamari_7'],,2,,1
0,9c9db55fa84283685e545c66171dee79aa24951e8f3801dc6901a5a861b8dfee,sepideh,@SSolouti,2020-05-10 18:16:17,بله اوکالا هم خرید میکنم,"['@okalaclub', '@sheftelady']",,,,1
0,d80a6a1ff013846b08c172b30d4b83337c37d5b25a6a10d9598ab754e7796b43,sepideh,@SSolouti,2020-05-10 01:15:45,دیجی اسنپ مارکت اوکالا,,,,,1
0,d1a73533d80bba5a8ba1fb3c3ec1d2d15408d0115a396722acb7fa3d7e5eafcc,shanas,@NTHSs10,2020-05-04 17:19:42,#اوکالا جنس غیرقابل فروش رو زده 6500 و جزو تخفیفاش زده. منت سر مشتری میذارید یا چی!!! ؟!!,,['#اوکالا'],1,1,6
0,d4611d405d0a9eb74e4ab192e5087e9f1683dd9f4fc43a7e0c7fa21552762b64,آمیرزا سدهی,@MiSedehi,2020-04-28 23:44:43,"۵. یه لیست ابتدایی از بسته غذایی نوشتم
برای تخمین قیمت زحمت زیادی نکشیدم
خدا پدر این اپلیکیشنها را بیامرزه!
توی دیوار، باسلام، اوکالا، ایمالز و...
قیمتها را چک کردم
و حدود تامین اعتبار را سنجیدم!

حالا فقط یه قسمت کوچیک کار مونده بود:
پول جمع کردن!

#رزمایش_در_قم",,['#رزمایش_در_قم'],,,47
0,09588f065775b8ab149dc1fd2b5f920df420797210cecfbe2f1101e2c17b39d6,کلانتر,@zandwork,2020-04-26 21:44:21,بعد از اینکه #دیجیکالا ارسال رایگان سوپری رو 200 تومن کرد و اومدیم بیرون، #اسنپفود ارور 504 داد و اومدیم بیرون، #اسنپمارکت کلی از کالاها رو نداشت، از سفارش قبلی #اوکالا تجربه خوبی نداشتیم، #تزول سرعت و تنوع کالای خوبی داشت و موفق شدیم.,,"['#دیجیکالا', '#اسنپفود', '#اسنپمارکت', '#اوکالا', '#تزول']",,,
0,39229b7392aece8bb645a6b5982883c1259b4d69f88c30bdf0aec1f8e281bf78,Hadi Farnoud – هادی فرنود,@hadifarnoud,2020-04-25 17:42:34,اوکالا عزیز بیا پیش ما برات automation اس‌ام‌اس درست کنیم. چیه این اخه,['@rezamarandi'],,1,,1
0,a7c47fa6466435acfff6d9e5b9cd9e77abec54055eea0d29fedd6008439fada8,Mehaシ,@MehaTweet,2020-04-24 18:46:12,پس ینی فروشگاه اینترنتی کوروش میشه اوکالا,['@MohammadAtshani'],,1,,2
0,d6e61eeec34f9c7dabafdeffc70cff920a79957df50a14f8dec23cc4f50c71a1,Vin français,@sharabefarance,2020-04-17 14:04:52,اوکالا هربار سفارش کاهو رو قبول می‌کنه ولی وقت دلیوری که می‌رسه از پشتیبانی تماس می‌گیرن که نداریم و چنین و چنان,,,2,,44
0,9dd8cf4036a4a479dc5f22b6cb43fcc6c51aa7a8e98be65b214c51e0336fcf0f,Vin français,@sharabefarance,2020-04-14 17:01:39,منتظرم اوکالا سفارش‌هارو برسونه لباس رزم بپوشم و شُست کنم و شو,,,,,35
0,27002ebe2bdc6d48554b52465d9ae9cd987e72ae6e9d915640ab718f6ea81c35,𝐏𝗼𝐮𝐲𝐚,@pouyafitness,2020-04-13 22:15:08,گفتم تو این اوضاع پا نشم برم تا هایپر،از اوکالا اینترنتی خرید کردم پولشم انلاین دادم بعد متوجه شدم فردا عصری قراره خریدامو بیارن،کنسل کردم،پولم قراااره بره تو کیف پول اوکالا باید باهاش فقط از خودشون خرید کنم:/,,,,,10
0,5ffa1f67ebb92c0f3091f3940c034c2cad50785f3fe7cdc1e8d36bb4849c97ba,گُنگ خواب دیده,@GongeKhabDideh1,2020-04-08 15:16:52,"سر این کرونا یکم بهم ریختن موافقم.
ولی من دوساله خیلی کم سوپری میرم همش از اوکالا میخرم، راضی ام ازشون",['@aaaalllloooo_'],,1,,1
0,afaf59b99be9656f2823f995c59afb2161b76f1dfcb20e60bcc2130d0d37f94f,Saleh Eslam Panah,@saleheslampanah,2020-04-06 19:55:25,"تجربه خرید من سوپرمارکت های آنلاین #اسنپ_مارکت #دیجی_کالا #اوکالا رو بخونید 

https://linkedin.com/posts/saleh-eslam-panah-9238b2b9_aexahyaeuahyabragpaepaesaep-aepaebaeuafyabraetaepaezagpaes-activity-6652835982439653376-WcEX…",,"['#اسنپ_مارکت', '#دیجی_کالا', '#اوکالا']",1,,
0,7badf91b668b43506f4e0d0503ecec5047dd1afc518d4be850eb4e577761b2e4,سیدمحمدصادق موسوی,@musavi_1357,2020-04-05 18:53:58,در دوره اسنپ مارکت و اوکالا و ... دیگه از این خبرا نیست!,['@MaEde1373'],,,,1
0,bdd8e291b93885f249349e0f91898d2ba56721c2d2ea556969e49cc024d72b94,khatere,@kalamghomri,2020-04-05 17:39:52,"اشتباهی که #اسنپ_مارکت میکنه رو اپ‌های کوچیکتری. مثل #پینکت و #اوکالا نمیکنن.
اونم اینه: وقتی جنسی ناموجود میشه و جایگزینی بنا به هر دلیلی اتقاق نمی‌افته؛ ارسال رایگان رو لغو نمی‌کنند!
اوپراتورای اسنپ مارکت یه غرور مزخرفی نشون میدن انگار ارث پدرشونه
هر چی هم بگی خب این مشکل/",,"['#اسنپ_مارکت', '#پینکت', '#اوکالا']",3,,32
0,354ac654dfa1d977c9a3a27e0590e50ed37c8f4fae3eda79e5c0ab404d52d084,arman,@arman22890,2020-04-05 13:25:02,یعنی این اپلیکیشن اوکالا چرا باید انقدر آشغال باشه,,,,,1
0,52d1678af85cf436a0088cc01bccded52f7cf0878adbb7fbbe305e08c8aa543f,URLrate.NET,@URLrateNET,2020-04-04 22:09:25,http://evkala.com - فروشگاه همواره تخفیف اِوکالا http://urlrate.net/www/evkala.com,,,,,
0,061bf35a327ff4dd66645133bac88fcd7bf3705012dfb1ab6a45a7d52b3b35f6,بازمانده,@timsaryek,2020-04-04 21:23:49,"ببین اوکالا اس‌ام‌اس داد ظرفیت باز است و بشتابید و فلان
تو یه حرکت رونالدینیویی اسنپ مارکتو باز کردم و متوجه شدم ۱۰۰ تومن اعتبار دارم",['@amirassan'],,1,,1
0,883991abea05f49dc607a7946dd506632e735e90439c91fad859936b5b1d5d29,shahbaz tavackoli,@stavackoli,2020-04-02 01:11:10,پینکت که کلا تو عید سرویس نداد به من اوکالا هم مدتیه که ظرفیت ارسال نداشته,['@iman_nasiri'],,1,,2
0,d7225797693bffc1272274720d8bd7289ed2542f7ccbe2b606549d16c55c7738,سابقأ معلم,@iman_nasiri,2020-04-02 01:10:00,"از پینکت و اوکالا استفاده کنید
بد نیستن",['@stavackoli'],,1,,1
0,df84207d2f8c17746a069c9f704b4aed0c791becfa33cda1f397957b2b576bc9,Sôma,@zhelamoo,2020-04-01 23:35:22,هیچکدوم از سایت ها ارسال ندارن همه ظرفیت تکمیلن. دوهفته است از اوکالا می‌خوام سفارش بدم هر ساعتی که سایتو باز کردم زده ظرفیت ارسال تکمیل. اسنپ مارکت بعضی وقتا ارسال داره,"['@BlueeeeeAda', '@RVahidian']",,1,,3
0,692af801cd17b95da7bd003fb9b33e3fadcd7e7bba36e5d7343b9795322f3c0e,MiM,@tweets_de_mim,2020-04-01 18:46:48,حالا یه امروز رو زنده بمون فردا اوکالا و اینا باز می‌کنن,['@nima_sichani'],,1,,1
0,ede927225a4dfe9e60fae0e66721df2f6ab9eaca0c46908ce0431131f0184e5e,Ali Saleh,@alisalehiman,2020-03-31 23:52:30,"ممنونم، با نجم قرارداد داره اینگار
اوکالا و خدمت ۲۴ هم هستن تجربه خرید نداشتم ازشون","['@Roshanyyy', '@mshahamirian']",,1,,2
0,cf9523fd6bc70731b5a4abdc47c7001ff7bd12927bbd8b75edc64aa6bc854e01,Hybrid Theory,@Miladjafarzade,2020-03-31 10:22:27,فروشگاه اینترنتی اوکالا در خدمت شماست,['@abtahi_m'],,,,
0,d6afbe07881b67aef690e4aa9569ade26340cf7c1cd01770d488e320c8d8d5a9,مارکو پولو,@mts_dollar,2020-03-28 21:01:07,نرم افزار  اوکالا رو کصب کردم  و تو دو ساعت ۵۰۰ مگابایت بدون استفاده از نرم افزاز از اینترنتم مصرف کرد ، اکالا جاسوسیه :),,,,,
0,d0fe11684fa3fdad3541ebbe307cc5684b8451c6eca3d4859a2db18bfa5f642b,Naani,@ililzaan,2020-03-28 16:52:18,از دیشب رو دیجی‌کالا، اوکالا، اسنپ‌فود و اسنپ مارکت و فروشگاه آنلاین شهروند در حال گردشم و تا این لحظه موفق نشدم همه خریدامو ثبت کنم و به نظرم خیلی مسخره‌اس که بخوام هر کدومو از یه جا بخرم :/,,,,,3
0,cae49588fbb75d2dec26e3affc3af8418d63fe6fc7fcdf6fbedcf47a6510cfc1,حسن گرنه‌ای,@garnehie,2020-03-27 19:35:45,"ارسال خرید بالای ۱۰۰ هزار تومان در دیجی  کالا رایگان و در غیر این صورت حدود ۱۰ هزار تومان هزینه پیک. شهروند ۱۵ هزار تومان هزینه ارسال می‌گیرد‌. اوکالا فروشگاه 
اینترنتی کوروش ۵ هزار تومان هزینه
می‌گیرند.",,,,,
0,5b2039141fcfbe26319d787af531803e8113dd305eabfa90b04163dc5e0a6433,ازین ویروس جدیدا (اوج),@newtypeofvirus,2020-03-27 02:15:38,منم اوکالا نصب کردم از فردا دیگه نمیریم,['@girlkhakestar'],,,,1
0,821ce3d53ec660540eaf620ac7133065135e47a90004ae7cdfd625bed49b464e,Naani,@ililzaan,2020-03-26 18:40:28,حیف که اوکالا تو دلیوری ریده، وگرنه گزینه خوبی واسه این روزا بود,,,2,,7
0,7caf55a29a5431fa16998dc35fe562c3875a0965ac845dfea88057edfd4d247b,SaeedMirzaee,@SaeeedMirzaeee,2020-03-23 01:21:27,نه رستورانا رو نگفتم. اسنپ مارکت و اوکالا این فروشگاه زنجیره ایا رو گفتم. اینا اکثرا بسته بندیه مواد غذاییشون. و پکیج استاندارد هم باشه که بار عملیاتیش خیلی واس فروشگاها کم باشه. پولشم که مردم میدن بار مالی نداره، شاید حتی باعث شه چن نفری هم سر کار برن بخاطر این تقاضا.,"['@MaryamHmy', '@Snapp_Team', '@ofoghkoorosh']",,1,,2
0,ba1bff38997eb4bcb9c60276ac701e4eab8f772a7c851578646fd07b7f269daf,SaeedMirzaee,@SaeeedMirzaeee,2020-03-23 00:44:27,"مثلا اسنپ مارکت یا اوکالا  یا بقیه فروشگاها، یه سری پکیج اماده غذایی و بهداشتی میزاشت با یه تخفیف مناسب، ملت میومدن  اون پکیجا رو سفارش میدادن خیلی ناشناس و زیبا میرسید دست اونایی که الان بیش از پیش نیاز دارن. اون روز مزدایی که روزای سختی واسشون هست.
 
@Snapp_Team
  
@ofoghkoorosh",,,1,2,26
0,0822fac62c358ede37cc89edb2f7aef05ce7c0941bc92924e3ac1b7bf23e7627,Dilmajbanoo,@Dilmajbanoo,2020-03-22 12:59:14,می‌خواستم با اپ اوکالا خرید کنم تو قسمت زمان تحویل گیر می‌کنه جلوتر نمی‌ره زنگ زدم پشتیبانیش تو همه قسمتها تلفن گویا گذاشتن که هیچ کس پاسخگو نیست! یاد فیلم I am legend افتادم!,,,,,3
0,00159853bbe3687abff8e647359a258d4f4ad873c0687e84ee00ff90d30b35b6,Stabillox,@stabillox,2020-03-19 23:26:21,اوکالا که بد گند زده قبل تحویل سفارش زنگ میزنه میگه نصف کالاهاتون ناموجود شده چیز دیگه بدم بجاش,,,,,
0,12d39e696a186dd1a7054fca8f3c847adde12cc6beb83335e9e52fdb3324a860,Danial,@danialkalhori,2020-03-16 15:18:24,"ایا با اسنپ فود، دیجی کالا، اوکالا، تزول و .... آشنا نیستید؟
همانا که بمانید و بیرون مروید",['@evintel'],,1,,1
0,58562b126629ea80ab98524fe4b4828eb9c9766f9e5799cab7b0516b2f97ceb3,سیدمحمدصادق موسوی,@musavi_1357,2020-03-15 02:23:20,"یه چیزی بود یادم نیست توی اوکالا بود یا اسنپ فود
نون هم میشد سفارش داد سنگک و بربری و تافتون و ...",['@azghablboodeh'],,1,,1
0,c3ae2a3b30cdb1867a222bba20d15497d6ee639627308e990814fd9fb77f95b6,doodinروژین اکلیلی,@MirzaeiRozhin,2020-03-14 18:49:34,مث اوکالا و دیجی کالا و شهروند ,['@NazaninShariati'],,,,1
0,be9009f4dfa143d1eaf5e178a8de2c6a2913822363874e791fd26e2b018f89d5,Minosh,@Minosh__,2020-03-14 18:11:30,اوکالا رو امتحان کردی؟ من دیگه دیدم چند روزه نمیتونم سفارش انلاین بدم رفتم هایپر ایران مال گفتم اونجا دوره حتما تراکم کمه اولش که رفتم کسی نبود ولی بعده ساعت۱۲خیلی شلوغ شد گفتن از فردا تا ۱۵ فروردینم تعطیلش میکنن,['@BahaRicksha'],,1,,2
0,a9fc42c6d3b08df4d85c7cfc4ef38628e5e362b30549f98d1467ce605344536e,بنده خدا,@ms_najafi,2020-03-14 14:42:57,"این روزها #کرونا کار و کاسبی فروشگاه های اینترنتی و تلفنی در #قم را بسیار پر رونق کرده است، #اوکالا، #کوثر، #زودمارکت و ... وقت سرخارانیدن ندارند.
امیدواریم مسئولان فروشگاه های اینترنتی قدر این اعتماد مردم را بدانند و ضوابط بهداشتی را در مراحل ارسال کالا به‌طور کامل رعایت کنند.",,"['#کرونا', '#قم', '#اوکالا،', '#کوثر،', '#زودمارکت']",2,,4
0,e5c0ad01baf4051ff862bde3be2280c7c1325ca6ad56663502d3372aec13ec7d,Arash Afrasiabi,@arash_afrasiabi,2020-03-13 23:12:21,تزول رو نمی‌شناسم اوکالا هم اگه همون افق کوروشه که خیلی جنسای گمنام داره و معمولا اونی که دنبالش می‌گردم رو نداره. در کل دمت گرم,['@mohamadrezazi'],,,,1
0,958119d77b2cdaf922dce2a772f22eb3e4b6e0eae3e4b0eac4ae6100b8f8fd9f,Bot1648195,@Bot1648195,2020-03-12 17:08:22,علاوه بر اوکالا از رفاه و دیجی کالا هم میتونی سفارش بدی,,,,,
0,16b1718c75ff48d63c2c31f3433707417842bc0baf33e643b5a2c2b23e28d174,اولیور توئیت,@OliverTwittt,2020-03-12 14:29:14,من از اوکالا گرفتم 17 بودا,['@13CS13'],,1,,
0,8bf19a3cb6c7dcd4be3f323e5271d14dd74632a045356a748386fbc84c8476c2,پــَــردیـــــس :),@pardis7899,2020-03-10 05:18:20,ببخشید من کامنتا رو خوندم. واسه خرید میتونی از اینترنت سفارش بدی اسنپ و اوکالا و اینا خوبن,['@SabzFelfel'],,1,,
0,cdafd273e8cd129d09febacf7a9b9d36edfcd206cca36132bff5296d922d26c5,فهیم ِ خالی,@fahim_te,2020-03-05 16:17:29,ریدم تو فروشگاه اینترنتی #اوکالا  متعلق به #افق_کوروش .یعنی ریدم تو مغزتون که سرور هر لحظه قطع میشه و بعد از پرداخت از سید خرید محصول حذف میکنید،کیرم تو مغزتون که انقد اعصاب ادمو خورد میکنید کسکشا,,"['#اوکالا', '#افق_کوروش']",,,4
0,552b50d740d28f375f6eb4ddab1435d415420434407b0d14028a013cb37cc753,خرس خواهر,@neg_kzm,2020-03-03 13:24:45,"نتیجه ی سفارش ما از اوکالا : 

- ۳ روز دیگه میاریم
- ببخشید نمی تونیم شلوغه ۲ روز دیگه صبر کنید
- گوشت و پروتئین رو گفتن نفرستید بقیشو میاریم ولی
- ما نمی تونیم بیاریم بیا اینم پولت 

سوال: مجبورید؟",,,1,1,27
0,4d137a15c8ad937104c9a23731bf3fa6ebfd097d48449b4eb0ccb0c3fb936eb0,URLrate.NET,@URLrateNET,2020-02-15 23:30:06,http://evkala.com - فروشگاه همواره تخفیف اِوکالا http://urlrate.net/www/evkala.com,,,,,
0,d6bf3cf32fbddfc1576490976b2349a4e761b00677c50cf50b982cdbe54a45db,khatere,@kalamghomri,2020-02-01 17:56:46,"ببین مارک آریا میزنه ازش که خمیر بازی هم داره
تو افق کوروش هم ازش دارن من از اوکالا خرید می کنم هستش",['@hamishecorleone'],,1,,2
0,0f11f3753d0af680fe5deea096c1bf476193a5ba1d581e06c32da09e63e54cc8,Obscenity,@obscenity86,2020-10-18 23:00:56,"من تقریبا یک ساله ۹۵٪ خرید خونه رو آنلاین انجام میدم چون بیشتر سالی که گذشت رو بیمار بودم. خرید تره باری پینکت
خرید سوپری و شوینده و تره بار اسنپ مارکت، شهروند، اوکالا چون قیمتشون خوبه تنوع محصول دارن و از همه مهمتر ارسال رایگان درب منزل و کدهای تخفیفی که میفرستن خوبه",['@Arashghafari8'],,1,,2
0,8df10e67af3a7f8b37438d06be7fcf34722c759f92e8390acad8b1b67723917a,یکی مث خودت,@se_sepideh,2020-10-18 22:33:27,از قبل که اینترنتی میخریدم از اول کرونا بیشتر اینترنتی خریدم. اوکالا ،دیجی و درصد بالایی اسنپ مارکت ،اسنپ مارکت اولویت داره برام برای تخفیفهای معمولش و سرعت مناسب سایتش,['@Arashghafari8'],,1,,1
0,f671c1af652d4a44efb2ee73ae2195425317dfae3d4ad254cc9f70458405f73a,الی‌ناز,@lnzhastam,2020-10-17 12:01:15,اوکالا چیه  وقت از جای مطمئن خرید کن بعدا نیای منو فحش بدیا,,,1,,
0,4f75f1adb2de635fcf24d8411a4107195e99c2f494469e00df8468c173541d55,کافکالدین ماءکناری,@kafka_noun,2020-09-26 21:50:18,منم چندبار از اوکالا خرید کردم، سوسیس کوکتل یک کیلویی برام آورده، تاریخ مصرف 5 روز! جنساش مناسب و درست نیست.,"['@siiin__7', '@okalaclub']",,1,,1
0,1d462424eb675391c6960b722c13f7170c1c204eae1ea914a5bfde4adec1ce8d,آلوچه خانم,@aaaalllloooo_,2020-04-08 11:28:12,بین سوپر مارکت های اینترنتی اوکالا فشل ترین سیستم رو‌ داره,,,2,,6
